Бренд,Модель,Ціна
G-SHOCK,GA-700SKE-7AER, 12 390
G-SHOCK,GA-2100SKE-7AER, 11 790
G-SHOCK,DW-5600SKE-7ER, 11 790
G-SHOCK,GA-110SKE-8AER, 12 390
G-SHOCK,GA-900SKE-8AER, 12 390
G-SHOCK,GA-2000SKE-8AER, 12 390
G-SHOCK,GA-2100-1A1ER, 9 890
G-SHOCK,GA-2100-1AER, 9 890
G-SHOCK,GA-2100-4AER, 9 890
G-SHOCK,GMW-B5000D-1ER, 49 990
G-SHOCK,DW-5600BBMB-1ER, 7 990
G-SHOCK,DW-5600E-1VER, 7 740
G-SHOCK,DW-5610DN-9ER, 11 790
G-SHOCK,AWM-500GC-1AJR, 125 990
G-SHOCK,DW-5600BB-1ER, 9 890
G-SHOCK,DW-5600CA-2ER, 10 590
G-SHOCK,DW-5600CA-8ER, 10 590
G-SHOCK,DW-5600DAILY21-1ER, 14 140
G-SHOCK,DW-5600GC-7ER, 12 390
G-SHOCK,DW-5610SUS-5ER, 15 290
G-SHOCK,DW-6900LS-1ER, 11 790
G-SHOCK,DW-6900LS-2ER, 11 790
G-SHOCK,DWE-5600CC-3ER, 27 790
G-SHOCK,DWE-5600R-9ER, 21 790
G-SHOCK,GA-100-1A1ER, 10 590
G-SHOCK,GA-100-1A2ER, 10 590
G-SHOCK,GA-100-1A4ER, 10 590
G-SHOCK,GA-100B-4AER, 10 590
G-SHOCK,GA-100B-7AER, 10 590
G-SHOCK,GA-100CF-1A9ER, 12 840
G-SHOCK,GA-110-1AER, 12 390
G-SHOCK,GA-110-1BER, 12 390
G-SHOCK,GA-110GB-1AER, 13 840
G-SHOCK,GA-110LS-1AER, 13 490
G-SHOCK,GA-140-1A1ER, 10 590
G-SHOCK,GA-140-6AER, 10 590
G-SHOCK,GA-140CT-1AER, 11 790
G-SHOCK,GA-2000-1A2ER, 12 840
G-SHOCK,GA-2000-1A9ER, 12 840
G-SHOCK,GA-2000S-1AER, 12 390
G-SHOCK,GA-2100CA-8AER, 10 590
G-SHOCK,GA-2100FR-3AER, 12 390
G-SHOCK,GA-2100FR-5AER, 12 390
G-SHOCK,GA-2100SU-1AER, 11 790
G-SHOCK,GA-2110ET-2AER, 11 790
G-SHOCK,GA-2110ET-8AER, 11 790
G-SHOCK,GA-2110SU-3AER, 11 790
G-SHOCK,GA-2200-2AER, 11 990
G-SHOCK,GA-2200BB-1AER, 11 990
G-SHOCK,GA-2200M-1AER, 12 390
G-SHOCK,GA-2200M-4AER, 12 390
G-SHOCK,GA-2200MFR-3AER, 15 290
G-SHOCK,GA-2200MFR-5AER, 15 290
G-SHOCK,GA-700-1BER, 12 390
G-SHOCK,GA-700CA-5AER, 10 590
G-SHOCK,GA-700CT-1AER, 11 790
G-SHOCK,GA-710GB-1AER, 14 940
G-SHOCK,GA-900-1AER, 12 390
G-SHOCK,GA-900-2AER, 12 390
G-SHOCK,GA-900-4AER, 12 390
G-SHOCK,GA-900AG-1AER, 14 490
G-SHOCK,GA-900C-1A4ER, 13 490
G-SHOCK,GA-900E-1A3ER, 16 490
G-SHOCK,GA-900GC-7AER, 14 990
G-SHOCK,GA-900TS-6AER, 14 990
G-SHOCK,GA-900VB-1AER, 14 490
G-SHOCK,GAE-2100GC-7AER, 21 790
G-SHOCK,GAW-100B-1A2ER, 14 490
G-SHOCK,GAW-100B-1AER, 14 490
G-SHOCK,GBA-800-1AER, 13 490
G-SHOCK,GBA-800-9AER, 13 490
G-SHOCK,GBD-800-1BER, 10 590
G-SHOCK,GBD-800-8ER, 10 590
G-SHOCK,GBD-800UC-8ER, 10 590
G-SHOCK,GG-B100-1A3ER, 37 390
G-SHOCK,GG-B100-1AER, 37 390
G-SHOCK,GM-110G-1A9ER, 23 540
G-SHOCK,GM-110NE-1AER, 35 940
G-SHOCK,GM-110SCM-1AER, 23 540
G-SHOCK,GM-110SG-9AER, 25 890
G-SHOCK,GM-2100-1AER, 19 890
G-SHOCK,GM-2100B-3AER, 22 390
G-SHOCK,GM-2100B-4AER, 22 390
G-SHOCK,GM-2100N-2AER, 22 390
G-SHOCK,GM-5600-1ER, 18 840
G-SHOCK,GM-5600EY-1DR, 36 990
G-SHOCK,GM-5600SCM-1ER, 21 790
G-SHOCK,GM-5600SG-9ER, 23 540
G-SHOCK,GM-6900-1ER, 19 990
G-SHOCK,GM-6900B-4ER, 19 990
G-SHOCK,GM-6900G-9ER, 21 390
G-SHOCK,GM-6900SCM-1ER, 21 790
G-SHOCK,GM-6900SG-9ER, 24 590
G-SHOCK,GMD-B800-1ER, 10 590
G-SHOCK,GMD-B800-4ER, 10 590
G-SHOCK,GMW-B5000GD-4ER, 51 990
G-SHOCK,GMW-B5000GD-9ER, 51 990
G-SHOCK,GMW-B5000RD-4ER, 51 990
G-SHOCK,GST-B100-1AER, 27 490
G-SHOCK,GST-B100D-1AER, 34 990
G-SHOCK,GST-B400-1AER, 30 790
G-SHOCK,GST-B400D-1AER, 35 990
G-SHOCK,GST-W110-1AER, 26 390
G-SHOCK,GW-9400-1ER, 29 440
G-SHOCK,GW-B5600-2ER, 13 590
G-SHOCK,GW-B5600BC-1BER, 20 690
G-SHOCK,GW-B5600CT-1ER, 12 190
G-SHOCK,GW-B5600GZ-1ER, 14 940
G-SHOCK,GW-M5610U-1BER, 13 840
G-SHOCK,GW-M5610U-1ER, 13 840
G-SHOCK,GWG-1000-1A3ER, 69 990
G-SHOCK,GWG-2000-1A1ER, 74 890
G-SHOCK,GWG-2000-1A3ER, 74 890
G-SHOCK,GWG-2000-1A5ER, 74 890
G-SHOCK,GWG-2000TLC-1AER, 79 990
G-SHOCK,GX-56BB-1ER, 13 490
G-SHOCK,GXW-56BB-1ER, 24 490
G-SHOCK,MRG-B1000D-1ADR, 234 990
G-SHOCK,MRG-B2000B-1ADR, 232 990
G-SHOCK,MTG-B1000-1AER, 80 990
G-SHOCK,MTG-B2000B-1A2ER, 105 990
G-SHOCK,MTG-B2000BD-1A4ER, 105 990
G-SHOCK,MTG-B2000D-1AER, 105 990
